,slope,intercept
0,2.5350830643520927,-0.7289490552228113
